start_time,end_time
00:00:00.000,00:00:05.005
00:00:05.005,00:00:10.010
00:00:10.010,00:00:15.015
00:00:15.015,00:00:19.227
00:00:19.227,00:00:21.229
00:00:21.229,00:00:30.906
00:00:30.906,00:00:32.199
00:00:32.199,00:00:36.036
00:00:36.036,00:00:52.802
00:00:52.802,00:01:34.427
00:01:34.427,00:01:41.309
00:01:41.309,00:01:52.862
00:01:52.862,00:01:54.239
00:01:54.239,00:02:07.335
00:02:07.335,00:02:18.304
00:02:18.304,00:02:21.933
00:02:21.933,00:02:28.022
00:02:28.022,00:02:32.610
00:02:32.610,00:02:41.869
00:02:41.869,00:03:02.807
00:03:02.807,00:03:08.145
00:03:08.145,00:03:11.315
00:03:11.315,00:03:18.531
00:03:18.531,00:03:23.119
00:03:23.119,00:03:27.957
00:03:27.957,00:03:30.835
00:03:30.835,00:03:34.255
00:03:34.255,00:03:38.676
00:03:38.676,00:04:00.698
00:04:00.698,00:04:10.916
00:04:10.916,00:04:14.503
00:04:14.503,00:04:18.257
00:04:18.257,00:04:20.551
00:04:20.551,00:04:26.473
00:04:26.473,00:04:37.943
00:04:37.943,00:04:46.118
00:04:46.118,00:04:49.788
00:04:49.788,00:04:52.833
00:04:52.833,00:05:54.811
00:05:54.811,00:06:06.990
00:06:06.990,00:06:11.995
00:06:11.995,00:06:16.457
00:06:16.457,00:06:19.878
00:06:19.878,00:06:22.922
00:06:22.922,00:06:30.054
00:06:30.054,00:06:32.765
00:06:32.765,00:06:40.148
00:06:40.148,00:06:42.817
00:06:42.817,00:06:47.864
00:06:47.864,00:07:06.174
00:07:06.174,00:07:22.940
00:07:22.940,00:07:31.115
00:07:31.115,00:07:35.119
00:07:35.119,00:07:37.329
00:07:37.329,00:07:45.004
00:07:45.004,00:08:02.188
00:08:02.188,00:08:12.865
00:08:12.865,00:08:25.085
00:08:25.085,00:08:26.712
00:08:26.712,00:08:31.008
00:08:31.008,00:08:37.181
00:08:37.181,00:08:41.268
00:08:41.268,00:08:49.776
00:08:49.776,00:08:55.866
00:08:55.866,00:09:06.501
00:09:06.501,00:09:14.134
00:09:14.134,00:09:26.605
00:09:26.605,00:09:33.945
00:09:33.945,00:09:39.993
00:09:39.993,00:09:42.787
00:09:42.787,00:09:45.582
00:09:45.582,00:09:47.209
00:09:47.209,00:09:48.752
00:09:48.752,00:09:52.047
00:09:52.047,00:09:54.841
00:09:54.841,00:10:00.096
00:10:00.096,00:10:10.065
00:10:10.065,00:10:22.118
00:10:22.118,00:10:27.791
00:10:27.791,00:10:38.051
00:10:38.051,00:10:51.230
00:10:51.230,00:11:02.742
00:11:02.742,00:11:06.120
00:11:06.120,00:11:07.413
00:11:07.413,00:11:08.998
00:11:08.998,00:11:10.458
00:11:10.458,00:11:11.876
00:11:11.876,00:11:13.169
00:11:13.169,00:11:14.879
00:11:14.879,00:11:23.012
00:11:23.012,00:11:27.058
00:11:27.058,00:11:30.603
00:11:30.603,00:11:43.741
00:11:43.741,00:11:48.579
00:11:48.579,00:11:54.960
00:11:54.960,00:12:02.093
00:12:02.093,00:12:05.513
00:12:05.513,00:12:11.227
00:12:11.227,00:12:26.617
00:12:26.617,00:12:34.875
00:12:34.875,00:12:42.132
00:12:42.132,00:13:05.989
00:13:05.989,00:13:13.288
00:13:13.288,00:13:29.930
00:13:29.930,00:13:38.146
00:13:38.146,00:14:10.554
00:14:10.554,00:14:13.014
00:14:13.014,00:14:14.975
00:14:14.975,00:14:17.352
00:14:17.352,00:14:21.815
00:14:21.815,00:14:33.201
00:14:33.201,00:14:43.211
00:14:43.211,00:15:43.521
00:15:43.521,00:15:52.321
00:15:52.321,00:16:00.246
00:16:00.246,00:16:08.421
00:16:08.421,00:16:13.342
00:16:13.342,00:16:17.722
00:16:17.722,00:16:26.313
00:16:26.313,00:16:30.776
00:16:30.776,00:16:32.445
00:16:32.445,00:16:34.071
00:16:34.071,00:16:37.658
00:16:37.658,00:16:43.831
00:16:43.831,00:16:55.509
00:16:55.509,00:17:11.483
00:17:11.483,00:17:14.069
00:17:14.069,00:17:19.908
00:17:19.908,00:17:22.661
00:17:22.661,00:17:27.958
00:17:27.958,00:17:38.260
00:17:38.260,00:18:03.744
00:18:03.744,00:18:29.102
00:18:29.102,00:19:09.100
00:19:09.100,00:19:21.196
00:19:21.196,00:19:37.629
00:19:37.629,00:20:01.027
00:20:01.027,00:20:18.127
00:20:18.127,00:20:21.005
00:20:21.005,00:20:45.488
00:20:45.488,00:20:51.535
00:20:51.535,00:21:02.797
00:21:02.797,00:21:08.469
00:21:08.469,00:21:25.236
00:21:25.236,00:21:29.365
00:21:29.365,00:21:32.660
00:21:32.660,00:21:44.046
00:21:44.046,00:21:51.053
00:21:51.053,00:25:17.842
00:25:17.842,00:25:45.286
00:25:45.286,00:25:51.542
00:25:51.542,00:26:04.179
00:26:04.179,00:26:11.603
00:26:11.603,00:26:16.108
00:26:16.108,00:26:31.915
00:26:31.915,00:26:34.251
00:26:34.251,00:26:38.338
00:26:38.338,00:26:47.514
00:26:47.514,00:26:58.608
00:26:58.608,00:27:29.764
00:27:29.764,00:27:32.976
00:27:32.976,00:27:42.068
00:27:42.068,00:27:47.198
00:27:47.198,00:27:49.534
00:27:49.534,00:27:51.286
00:27:51.286,00:28:00.545
00:28:00.545,00:28:04.215
00:28:04.215,00:28:07.677
00:28:07.677,00:28:09.179
00:28:09.179,00:28:10.680
00:28:10.680,00:28:15.143
00:28:15.143,00:28:25.904
00:28:25.904,00:28:32.201
00:28:32.201,00:28:35.705
00:28:35.705,00:28:50.428
00:28:50.428,00:29:02.565
00:29:02.565,00:29:05.234
00:29:05.234,00:29:06.569
00:29:06.569,00:29:08.279
00:29:08.279,00:29:13.034
00:29:13.034,00:29:15.244
00:29:15.244,00:29:18.706
00:29:18.706,00:29:20.833
00:29:20.833,00:29:28.841
00:29:28.841,00:29:31.928
00:29:31.928,00:29:46.692
00:29:46.692,00:29:48.110
00:29:48.110,00:29:50.863
00:29:50.863,00:29:54.492
00:29:54.492,00:29:59.163
00:29:59.163,00:30:00.706
00:30:00.706,00:30:03.125
00:30:03.125,00:30:07.546
00:30:07.546,00:30:15.346
00:30:15.346,00:30:18.849
00:30:18.849,00:30:20.851
00:30:20.851,00:30:23.896
00:30:23.896,00:30:31.278
00:30:31.278,00:30:34.156
00:30:34.156,00:30:35.699
00:30:35.699,00:30:37.451
00:30:37.451,00:30:43.415
00:30:43.415,00:31:30.462
00:31:30.462,00:31:43.433
00:31:43.433,00:31:53.735
00:31:53.735,00:32:01.993
00:32:01.993,00:32:08.708
00:32:08.708,00:32:18.009
00:32:18.009,00:32:21.596
00:32:21.596,00:32:32.148
00:32:32.148,00:33:05.640
00:33:05.640,00:33:11.562
00:33:11.562,00:33:31.958
00:33:31.958,00:33:40.508
00:33:40.508,00:34:30.766
00:34:30.766,00:34:46.574
00:34:46.574,00:34:56.250
00:34:56.250,00:35:02.423
00:35:02.423,00:35:05.050
00:35:05.050,00:35:15.352
00:35:15.352,00:35:25.154
00:35:25.154,00:35:44.840
00:35:44.840,00:36:13.201
00:36:13.201,00:36:49.404
00:36:49.404,00:36:51.489
00:36:51.489,00:36:55.910
00:36:55.910,00:36:57.787
00:36:57.787,00:37:00.749
00:37:00.749,00:37:05.420
00:37:05.420,00:37:07.464
00:37:07.464,00:37:09.215
00:37:09.215,00:37:15.346
00:37:15.346,00:37:31.237
00:37:31.237,00:37:38.494
00:37:38.494,00:37:45.001
00:37:45.001,00:37:52.842
00:37:52.842,00:38:05.229
00:38:05.229,00:38:13.946
00:38:13.946,00:38:16.866
00:38:16.866,00:38:20.620
00:38:20.620,00:38:28.544
00:38:28.544,00:38:31.297
00:38:31.297,00:38:35.509
00:38:35.509,00:38:39.847
00:38:39.847,00:38:42.475
00:38:42.475,00:38:49.273
00:38:49.273,00:38:52.526
00:38:52.526,00:38:56.113
00:38:56.113,00:38:59.825
00:38:59.825,00:39:07.958
00:39:07.958,00:39:09.919
00:39:09.919,00:39:14.590
00:39:14.590,00:39:20.596
00:39:20.596,00:39:23.891
00:39:23.891,00:39:27.686
00:39:27.686,00:39:31.732
00:39:31.732,00:39:36.111
00:39:36.111,00:39:38.572
00:39:38.572,00:39:41.658
00:39:41.658,00:39:46.747
00:39:46.747,00:39:51.835
00:39:51.835,00:39:55.255
00:39:55.255,00:40:03.680
00:40:03.680,00:40:07.059
00:40:07.059,00:40:12.147
00:40:12.147,00:40:16.652
00:40:16.652,00:40:21.365
00:40:21.365,00:40:24.659
00:40:24.659,00:40:29.081
00:40:29.081,00:40:34.294
00:40:34.294,00:40:38.298
00:40:38.298,00:40:40.467
00:40:40.467,00:40:43.845
00:40:43.845,00:40:47.766
00:40:47.766,00:40:55.523
00:40:55.523,00:41:07.285
00:41:07.285,00:41:11.414
00:41:11.414,00:41:14.167
00:41:14.167,00:41:26.221
00:41:26.221,00:41:41.194
00:41:41.194,00:41:46.282
00:41:46.282,00:41:51.537
00:41:51.537,00:41:55.625
00:41:55.625,00:42:00.380
00:42:00.380,00:42:10.014
00:42:10.014,00:42:17.939
00:42:17.939,00:42:25.863
00:42:25.863,00:42:28.699
00:42:28.699,00:42:30.618
00:42:30.618,00:42:38.876
00:42:38.876,00:42:45.007
00:42:45.007,00:42:50.805
00:42:50.805,00:42:58.187
00:42:58.187,00:43:02.483
00:43:02.483,00:43:04.485
00:43:04.485,00:43:08.614
00:43:08.614,00:43:16.705
00:43:16.705,00:43:20.626
00:43:20.626,00:43:23.754
00:43:23.754,00:43:27.508
00:43:27.508,00:43:31.512
00:43:31.512,00:43:35.975
00:43:35.975,00:43:38.435
00:43:38.435,00:43:43.732
00:43:43.732,00:43:51.323
00:43:51.323,00:43:53.993
00:43:53.993,00:43:55.703
00:43:55.703,00:44:01.083
00:44:01.083,00:44:09.466
00:44:09.466,00:44:13.428
00:44:13.428,00:44:16.974
00:44:16.974,00:44:18.517
00:44:18.517,00:44:20.978
00:44:20.978,00:44:23.772
00:44:23.772,00:44:25.524
00:44:25.524,00:44:30.404
00:44:30.404,00:44:36.118
00:44:36.118,00:44:59.349
00:44:59.349,00:45:06.690
00:45:06.690,00:45:11.611
00:45:11.611,00:45:17.576
00:45:17.576,00:45:27.085
00:45:27.085,00:45:28.420
00:45:28.420,00:45:32.674
00:45:32.674,00:45:36.720
00:45:36.720,00:45:40.765
00:45:40.765,00:45:43.143
00:45:43.143,00:45:45.520
00:45:45.520,00:45:47.981
00:45:47.981,00:45:50.984
00:45:50.984,00:45:56.906
00:45:56.906,00:46:06.249
00:46:06.249,00:46:11.629
00:46:11.629,00:46:29.939
00:46:29.939,00:46:40.742
00:46:40.742,00:46:45.621
00:46:45.621,00:46:48.249
00:46:48.249,00:46:50.376
00:46:50.376,00:46:52.628
00:46:52.628,00:46:55.590
00:46:55.590,00:47:11.480
00:47:11.480,00:47:16.986
00:47:16.986,00:47:22.491
00:47:22.491,00:47:24.952
00:47:24.952,00:47:37.339
00:47:37.339,00:47:42.511
00:47:42.511,00:47:59.653
00:47:59.653,00:48:02.364
00:48:02.364,00:48:17.796
00:48:17.796,00:48:20.132
00:48:20.132,00:48:22.134
00:48:22.134,00:48:27.514
00:48:27.514,00:48:34.772
00:48:34.772,00:48:39.067
00:48:39.067,00:48:46.450
00:48:46.450,00:48:48.577
00:48:48.577,00:48:56.293
00:48:56.293,00:49:09.306
00:49:09.306,00:49:20.400
00:49:20.400,00:49:22.027
00:49:22.027,00:49:30.202
00:49:30.202,00:49:37.000
00:49:37.000,00:49:42.339
00:49:42.339,00:49:48.428
00:49:48.428,00:49:51.514
00:49:51.514,00:49:52.849
00:49:52.849,00:49:57.312
00:49:57.312,00:50:01.608
00:50:01.608,00:50:08.990
00:50:08.990,00:50:14.662
00:50:14.662,00:50:26.800
00:50:26.800,00:50:40.396
00:50:40.396,00:50:48.071
00:50:48.071,00:50:56.829
00:50:56.829,00:51:13.221
00:51:13.221,00:51:18.101
00:51:18.101,00:51:24.816
00:51:24.816,00:51:29.237
00:51:29.237,00:51:36.994
00:51:36.994,00:52:09.193
00:52:09.193,00:53:12.297
00:53:12.297,00:53:17.678
00:53:17.678,00:53:19.221
00:53:19.221,00:53:27.771
00:53:27.771,00:53:30.482
00:53:30.482,00:53:36.571
00:53:36.571,00:53:41.451
00:53:41.451,00:54:05.600
00:54:05.600,00:54:08.687
00:54:08.687,00:54:45.932
00:54:45.932,00:54:59.946
00:54:59.946,00:55:04.617
00:55:04.617,00:55:14.002
00:55:14.002,00:55:22.760
00:55:22.760,00:55:32.437
00:55:32.437,00:55:44.866
00:55:44.866,00:55:51.122
00:55:51.122,00:55:56.168
00:55:56.168,00:56:05.094
00:56:05.094,00:56:11.767
00:56:11.767,00:56:17.106
00:56:17.106,00:56:21.235
00:56:21.235,00:56:26.991
00:56:26.991,00:56:32.913
00:56:32.913,00:56:42.965
00:56:42.965,00:56:46.802
00:56:46.802,00:56:54.435
00:56:54.435,00:56:59.356
00:56:59.356,00:57:04.987
00:57:04.987,00:57:28.260
00:57:28.260,00:57:30.387
00:57:30.387,00:57:41.982
00:57:41.982,00:58:14.347
00:58:14.347,00:58:23.940
00:58:23.940,00:58:29.529
00:58:29.529,00:58:36.786
00:58:36.786,00:58:51.926
00:58:51.926,00:59:17.202
00:59:17.202,00:59:31.549
00:59:31.549,01:00:30.274
01:00:30.274,01:00:36.739
01:00:36.739,01:00:38.115
01:00:38.115,01:00:39.450
01:00:39.450,01:00:42.953
01:00:42.953,01:01:09.271
01:01:09.271,01:01:32.044
01:01:32.044,01:02:18.423
01:02:18.423,01:02:20.801
01:02:20.801,01:02:24.638
01:02:24.638,01:02:47.994
01:02:47.994,01:02:53.917
01:02:53.917,01:03:05.637
01:03:05.637,01:03:09.266
01:03:09.266,01:03:13.311
01:03:13.311,01:03:16.022
01:03:16.022,01:03:19.609
01:03:19.609,01:03:23.905
01:03:23.905,01:03:25.490
01:03:25.490,01:03:29.494
01:03:29.494,01:03:34.416
01:03:34.416,01:03:44.676
01:03:44.676,01:03:49.222
01:03:49.222,01:03:54.185
01:03:54.185,01:03:57.355
01:03:57.355,01:04:13.705
01:04:13.705,01:04:21.170
01:04:21.170,01:04:26.342
01:04:26.342,01:04:33.683
01:04:33.683,01:04:45.153
01:04:45.153,01:04:49.824
01:04:49.824,01:05:02.670
01:05:02.670,01:05:19.478
01:05:19.478,01:05:23.816
01:05:23.816,01:05:32.700
01:05:32.700,01:05:47.172
01:05:47.172,01:06:04.898
01:06:04.898,01:06:08.235
01:06:08.235,01:06:12.322
01:06:12.322,01:06:14.533
01:06:14.533,01:06:16.910
01:06:16.910,01:06:18.203
01:06:18.203,01:06:20.414
01:06:20.414,01:06:22.249
01:06:22.249,01:06:26.211
01:06:26.211,01:06:28.046
01:06:28.046,01:06:33.010
01:06:33.010,01:07:12.632
01:07:12.632,01:07:16.261
01:07:16.261,01:07:24.311
01:07:24.311,01:07:30.692
01:07:30.692,01:07:39.326
01:07:39.326,01:07:43.288
01:07:43.288,01:07:47.375
01:07:47.375,01:07:49.753
01:07:49.753,01:07:56.509
01:07:56.509,01:08:03.141
01:08:03.141,01:08:09.147
01:08:09.147,01:08:12.025
01:08:12.025,01:08:20.408
01:08:20.408,01:08:21.951
01:08:21.951,01:08:26.873
01:08:26.873,01:08:30.960
01:08:30.960,01:08:38.968
01:08:38.968,01:08:41.846
01:08:41.846,01:08:44.307
01:08:44.307,01:08:47.518
01:08:47.518,01:08:59.197
01:08:59.197,01:09:04.285
01:09:04.285,01:09:08.331
01:09:08.331,01:09:19.050
01:09:19.050,01:09:28.142
01:09:28.142,01:09:33.481
01:09:33.481,01:09:37.276
01:09:37.276,01:09:38.569
01:09:38.569,01:09:46.619
01:09:46.619,01:09:48.537
01:09:48.537,01:09:55.628
01:09:55.628,01:09:57.963
01:09:57.963,01:10:01.592
01:10:01.592,01:10:07.848
01:10:07.848,01:10:11.227
01:10:11.227,01:10:17.942
01:10:17.942,01:10:21.236
01:10:21.236,01:10:23.781
01:10:23.781,01:10:26.909
01:10:26.909,01:10:32.706
01:10:32.706,01:10:35.209
01:10:35.209,01:10:39.046
01:10:39.046,01:10:42.091
01:10:42.091,01:10:44.218
01:10:44.218,01:10:48.013
01:10:48.013,01:10:49.306
01:10:49.306,01:10:50.724
01:10:50.724,01:10:52.309
01:10:52.309,01:10:55.646
01:10:55.646,01:11:00.067
01:11:00.067,01:11:03.153
01:11:03.153,01:11:06.782
01:11:06.782,01:11:14.122
01:11:14.122,01:11:23.590
01:11:23.590,01:11:33.683
01:11:33.683,01:11:39.898
01:11:39.898,01:11:42.818
01:11:42.818,01:11:44.486
01:11:44.486,01:11:50.367
01:11:50.367,01:11:52.077
01:11:52.077,01:11:53.745
01:11:53.745,01:11:59.459
01:11:59.459,01:12:05.215
01:12:05.215,01:12:19.979
01:12:19.979,01:12:22.357
01:12:22.357,01:12:29.114
01:12:29.114,01:12:41.501
01:12:41.501,01:12:46.464
01:12:46.464,01:12:53.596
01:12:53.596,01:12:57.976
01:12:57.976,01:13:04.607
01:13:04.607,01:13:06.651
01:13:06.651,01:13:16.327
01:13:16.327,01:13:19.872
01:13:19.872,01:13:24.710
01:13:24.710,01:13:36.430
01:13:36.430,01:13:51.153
01:13:51.153,01:13:53.239
01:13:53.239,01:13:55.533
01:13:55.533,01:14:02.289
01:14:02.289,01:14:08.796
01:14:08.796,01:14:34.530
01:14:34.530,01:14:40.035
01:14:40.035,01:14:43.372
01:14:43.372,01:14:45.332
01:14:45.332,01:14:47.334
01:14:47.334,01:14:50.421
01:14:50.421,01:14:52.881
01:14:52.881,01:14:55.884
01:14:55.884,01:15:04.017
01:15:04.017,01:15:06.645
01:15:06.645,01:15:09.732
01:15:09.732,01:15:12.234
01:15:12.234,01:15:20.117
01:15:20.117,01:15:23.829
01:15:23.829,01:15:26.206
01:15:26.206,01:15:29.209
01:15:29.209,01:15:46.476
01:15:46.476,01:15:51.773
01:15:51.773,01:15:54.276
01:15:54.276,01:15:56.987
01:15:56.987,01:16:00.657
01:16:00.657,01:16:06.496
01:16:06.496,01:16:11.793
01:16:11.793,01:16:14.880
01:16:14.880,01:16:23.930
01:16:23.930,01:16:30.812
01:16:30.812,01:16:33.398
01:16:33.398,01:16:35.859
01:16:35.859,01:16:38.069
01:16:38.069,01:16:44.701
01:16:44.701,01:16:53.877
01:16:53.877,01:16:56.838
01:16:56.838,01:17:00.091
01:17:00.091,01:17:04.888
01:17:04.888,01:17:06.681
01:17:06.681,01:17:11.269
01:17:11.269,01:17:13.521
01:17:13.521,01:17:17.859
01:17:17.859,01:17:20.028
01:17:20.028,01:17:24.157
01:17:24.157,01:17:25.700
01:17:25.700,01:17:35.043
01:17:35.043,01:17:39.380
01:17:39.380,01:17:41.674
01:17:41.674,01:17:43.968
01:17:43.968,01:17:59.817
01:17:59.817,01:18:06.032
01:18:06.032,01:18:13.915
01:18:13.915,01:18:18.753
01:18:18.753,01:18:23.424
01:18:23.424,01:18:26.552
01:18:26.552,01:18:29.513
01:18:29.513,01:18:31.015
01:18:31.015,01:18:37.104
01:18:37.104,01:18:51.619
01:18:51.619,01:18:58.876
01:18:58.876,01:19:16.143
01:19:16.143,01:19:30.240
01:19:30.240,01:19:42.878
01:19:42.878,01:19:45.005
01:19:45.005,01:19:47.174
01:19:47.174,01:19:48.842
01:19:48.842,01:19:50.219
01:19:50.219,01:19:58.769
01:19:58.769,01:20:02.481
01:20:02.481,01:20:06.693
01:20:06.693,01:20:12.282
01:20:12.282,01:20:16.662
01:20:16.662,01:20:20.290
01:20:20.290,01:20:23.710
01:20:23.710,01:20:29.382
01:20:29.382,01:20:33.303
01:20:33.303,01:20:41.686
01:20:41.686,01:21:06.127
01:21:06.127,01:21:09.172
01:21:09.172,01:21:13.885
01:21:13.885,01:21:16.054
01:21:16.054,01:21:18.431
01:21:18.431,01:21:21.309
01:21:21.309,01:21:36.783
01:21:36.783,01:21:45.875
01:21:45.875,01:21:51.506
01:21:51.506,01:22:20.660
01:22:20.660,01:22:29.794
01:22:29.794,01:22:35.591
01:22:35.591,01:22:38.594
01:22:38.594,01:22:42.640
01:22:42.640,01:22:46.686
01:22:46.686,01:22:50.606
01:22:50.606,01:22:54.902
01:22:54.902,01:23:02.660
01:23:02.660,01:23:16.173
01:23:16.173,01:23:18.759
01:23:18.759,01:23:34.775
01:23:34.775,01:23:37.361
01:23:37.361,01:23:39.363
01:23:39.363,01:23:42.408
01:23:42.408,01:24:07.015
01:24:07.015,01:24:15.274
01:24:15.274,01:24:17.734
01:24:17.734,01:24:20.988
01:24:20.988,01:24:27.119
01:24:27.119,01:24:34.459
01:24:34.459,01:24:42.217
01:24:42.217,01:24:49.099
01:24:49.099,01:24:51.101
01:24:51.101,01:24:55.355
01:24:55.355,01:25:13.915
01:25:13.915,01:25:19.254
01:25:19.254,01:25:30.640
01:25:30.640,01:25:35.937
01:25:35.937,01:25:38.481
01:25:38.481,01:25:40.734
01:25:40.734,01:25:51.035
01:25:51.035,01:26:03.214
01:26:03.214,01:26:10.179
01:26:10.179,01:26:14.309
01:26:14.309,01:26:17.020
01:26:17.020,01:26:20.857
01:26:20.857,01:26:22.275
01:26:22.275,01:26:24.527
01:26:24.527,01:26:28.656
01:26:28.656,01:26:32.035
01:26:32.035,01:26:35.288
01:26:35.288,01:26:50.052
01:26:50.052,01:26:59.687
01:26:59.687,01:27:18.414
01:27:18.414,01:27:34.013
01:27:34.013,01:27:39.393
01:27:39.393,01:27:50.279
01:27:50.279,01:28:01.498
01:28:01.498,01:28:13.969
01:28:13.969,01:28:19.308
01:28:19.308,01:28:29.276
01:28:29.276,01:28:39.244
01:28:39.244,01:29:02.142
01:29:02.142,01:29:05.771
01:29:05.771,01:29:21.578
01:29:21.578,01:29:29.169
01:29:29.169,01:29:42.057
01:29:42.057,01:29:47.395
01:29:47.395,01:29:53.151
01:29:53.151,01:30:04.663
01:30:04.663,01:30:11.044
01:30:11.044,01:30:37.237
01:30:37.237,01:30:43.701
01:30:43.701,01:30:45.828
01:30:45.828,01:30:49.707
01:30:49.707,01:31:01.135
01:31:01.135,01:31:04.806
01:31:04.806,01:31:07.934
01:31:07.934,01:31:17.777
01:31:17.777,01:31:19.362
01:31:19.362,01:31:29.914
01:31:29.914,01:31:36.671
01:31:36.671,01:31:41.717
01:31:41.717,01:31:45.304
01:31:45.304,01:31:46.597
01:31:46.597,01:31:49.934
01:31:49.934,01:31:53.813
01:31:53.813,01:31:57.566
01:31:57.566,01:32:07.451
01:32:07.451,01:32:14.083
01:32:14.083,01:32:20.339
01:32:20.339,01:32:29.640
01:32:29.640,01:32:49.410
01:32:49.410,01:33:01.171
01:33:01.171,01:33:06.969
01:33:06.969,01:33:13.183
01:33:13.183,01:33:15.727
01:33:15.727,01:33:18.355
01:33:18.355,01:33:19.731
01:33:19.731,01:33:38.208
01:33:38.208,01:33:45.382
01:33:45.382,01:33:56.059
01:33:56.059,01:33:59.354
01:33:59.354,01:34:07.571
01:34:07.571,01:34:40.395
01:34:40.395,01:34:43.898
01:34:43.898,01:34:58.037
01:34:58.037,01:35:07.547
01:35:07.547,01:35:11.968
01:35:11.968,01:35:21.436
01:35:21.436,01:35:28.735
01:35:28.735,01:35:31.612
01:35:31.612,01:35:39.245
01:35:39.245,01:35:41.831
01:35:41.831,01:35:44.709
01:35:44.709,01:35:49.380
01:35:49.380,01:36:00.016
01:36:00.016,01:36:10.109
01:36:10.109,01:36:13.195
01:36:13.195,01:36:19.994
01:36:19.994,01:36:24.457
01:36:24.457,01:36:26.876
01:36:26.876,01:36:29.795
01:36:29.795,01:36:42.808
01:36:42.808,01:36:45.519
01:36:45.519,01:37:07.333
01:37:07.333,01:37:17.634
01:37:17.634,01:37:22.139
01:37:22.139,01:37:26.727
01:37:26.727,01:37:30.606
01:37:30.606,01:37:32.232
01:37:32.232,01:37:35.819
01:37:35.819,01:37:38.030
01:37:38.030,01:37:39.907
01:37:39.907,01:37:48.916
01:37:48.916,01:37:52.502
01:37:52.502,01:37:56.006
01:37:56.006,01:37:59.217
01:37:59.217,01:38:02.095
01:38:02.095,01:38:05.974
01:38:05.974,01:38:10.270
01:38:10.270,01:38:15.817
01:38:15.817,01:38:18.028
01:38:18.028,01:38:20.113
01:38:20.113,01:38:21.490
01:38:21.490,01:38:26.119
01:38:26.119,01:38:32.459
01:38:32.459,01:38:33.919
01:38:33.919,01:39:05.366
01:39:05.366,01:39:30.725
01:39:30.725,01:39:37.774
01:39:37.774,01:39:46.949
01:39:46.949,01:40:02.548
01:40:02.548,01:40:15.978
01:40:15.978,01:40:36.165
01:40:36.165,01:40:56.560
01:40:56.560,01:41:04.735
01:41:04.735,01:41:16.497
01:41:16.497,01:41:22.294
01:41:22.294,01:41:27.466
01:41:27.466,01:41:32.262
01:41:32.262,01:41:40.896
01:41:40.896,01:41:43.482
01:41:43.482,01:41:45.651
01:41:45.651,01:41:48.153
01:41:48.153,01:41:56.995
01:41:56.995,01:42:02.835
01:42:02.835,01:42:06.797
01:42:06.797,01:42:26.066
01:42:26.066,01:42:39.454
01:42:39.454,01:42:46.878
01:42:46.878,01:42:54.219
01:42:54.219,01:42:59.641
01:42:59.641,01:43:04.938
01:43:04.938,01:43:16.950
01:43:16.950,01:43:36.052
01:43:36.052,01:43:43.268
01:43:43.268,01:43:52.277
01:43:52.277,01:43:56.072
01:43:56.072,01:43:57.532
01:43:57.532,01:44:05.498
01:44:05.498,01:44:07.834
01:44:07.834,01:44:22.223
01:44:22.223,01:44:37.613
01:44:37.613,01:44:51.961
01:44:51.961,01:45:00.928
01:45:00.928,01:45:11.105
01:45:11.105,01:45:23.409
01:45:23.409,01:45:42.720
01:45:42.720,01:46:07.745
01:46:07.745,01:46:16.211
01:46:16.211,01:46:26.930
01:46:26.930,01:46:32.060
01:46:32.060,01:46:35.522
01:46:35.522,01:46:38.567
01:46:38.567,01:47:04.342
01:47:04.342,01:47:09.890
01:47:09.890,01:47:28.033
01:47:28.033,01:47:32.495
01:47:32.495,01:47:36.416
01:47:36.416,01:47:47.344
01:47:47.344,01:47:53.099
01:47:53.099,01:47:58.229
01:47:58.229,01:48:02.150
01:48:02.150,01:48:03.610
01:48:03.610,01:48:07.781
01:48:07.781,01:48:19.000
01:48:19.000,01:48:21.461
01:48:21.461,01:48:26.507
01:48:26.507,01:48:31.888
01:48:31.888,01:48:37.935
01:48:37.935,01:49:01.334
01:49:01.334,01:49:05.087
01:49:05.087,01:49:15.264
01:49:15.264,01:49:28.486
01:49:28.486,01:49:35.868
01:49:35.868,01:49:45.920
01:49:45.920,01:49:59.350
01:49:59.350,01:50:03.896
01:50:03.896,01:50:05.564
01:50:05.564,01:50:09.151
01:50:09.151,01:50:11.862
01:50:11.862,01:50:14.823
01:50:14.823,01:50:18.243
01:50:18.243,01:50:32.174
01:50:32.174,01:50:35.969
01:50:35.969,01:50:45.437
01:50:45.437,01:50:49.566
01:50:49.566,01:50:54.112
01:50:54.112,01:51:01.036
01:51:01.036,01:51:06.875
01:51:06.875,01:51:08.919
01:51:08.919,01:51:10.337
01:51:10.337,01:51:12.464
01:51:12.464,01:51:17.219
01:51:17.219,01:51:20.972
01:51:20.972,01:51:22.432
01:51:22.432,01:51:24.559
01:51:24.559,01:51:26.812
01:51:26.812,01:51:28.647
01:51:28.647,01:51:41.576
01:51:41.576,01:52:02.806
01:52:02.806,01:52:07.310
01:52:07.310,01:52:19.739
01:52:19.739,01:52:26.246
01:52:26.246,01:52:43.888
01:52:43.888,01:52:59.320
01:52:59.320,01:53:05.868
01:53:05.868,01:53:15.002
01:53:15.002,01:53:17.255
01:53:17.255,01:53:29.684
01:53:29.684,01:53:32.061
01:53:32.061,01:53:35.106
01:53:35.106,01:53:36.566
01:53:36.566,01:53:47.285
01:53:47.285,01:53:48.619
01:53:48.619,01:53:50.246
01:53:50.246,01:53:53.499
01:53:53.499,01:53:56.877
01:53:56.877,01:54:00.089
01:54:00.089,01:54:06.345
01:54:06.345,01:54:07.763
01:54:07.763,01:54:09.682
01:54:09.682,01:54:11.851
01:54:11.851,01:54:14.395
01:54:14.395,01:54:17.565
01:54:17.565,01:54:19.275
01:54:19.275,01:54:20.609
01:54:20.609,01:54:24.780
01:54:24.780,01:54:26.240
01:54:26.240,01:54:27.783
01:54:27.783,01:54:36.584
01:54:36.584,01:54:38.794
01:54:38.794,01:54:40.754
01:54:40.754,01:54:44.883
01:54:44.883,01:54:47.136
01:54:47.136,01:54:48.887
01:54:48.887,01:54:52.933
01:54:52.933,01:54:54.893
01:54:54.893,01:54:56.770
01:54:56.770,01:54:59.773
01:54:59.773,01:55:03.444
01:55:03.444,01:55:05.028
01:55:05.028,01:55:08.073
01:55:08.073,01:55:11.493
01:55:11.493,01:55:13.036
01:55:13.036,01:55:21.211
01:55:21.211,01:55:24.214
01:55:24.214,01:55:27.801
01:55:27.801,01:55:31.305
01:55:31.305,01:55:35.225
01:55:35.225,01:55:37.936
01:55:37.936,01:55:42.816
01:55:42.816,01:55:44.776
01:55:44.776,01:55:47.946
01:55:47.946,01:56:38.163
01:56:38.163,01:56:50.300
01:56:50.300,01:56:56.306
01:56:56.306,01:57:03.521
01:57:03.521,01:57:05.064
01:57:05.064,01:57:11.362
01:57:11.362,01:57:21.831
01:57:21.831,01:57:34.594
01:57:34.594,01:57:41.059
01:57:41.059,01:57:43.770
01:57:43.770,01:57:51.736
01:57:51.736,01:57:58.242
01:57:58.242,01:58:14.842
01:58:14.842,01:58:17.803
01:58:17.803,01:58:26.437
01:58:26.437,01:58:52.671
01:58:52.671,01:58:55.799
01:58:55.799,01:58:57.718
01:58:57.718,01:58:59.345
01:58:59.345,01:59:11.398
01:59:11.398,01:59:22.493
01:59:22.493,01:59:26.872
01:59:26.872,01:59:29.958
01:59:29.958,01:59:45.557
01:59:45.557,01:59:55.359
01:59:55.359,02:00:00.822
02:00:00.822,02:00:07.746
02:00:07.746,02:00:15.295
02:00:15.295,02:00:21.927
02:00:21.927,02:00:28.225
02:00:28.225,02:00:44.908
02:00:44.908,02:00:48.370
02:00:48.370,02:01:07.722
02:01:07.722,02:01:15.563
02:01:15.563,02:01:17.232
02:01:17.232,02:01:20.610
02:01:20.610,02:01:23.154
02:01:23.154,02:01:26.449
02:01:26.449,02:01:29.994
02:01:29.994,02:01:39.963
02:01:39.963,02:01:48.471
02:01:48.471,02:01:50.723
02:01:50.723,02:01:55.144
02:01:55.144,02:02:09.200
02:02:09.200,02:02:13.204
02:02:13.204,02:02:16.749
02:02:16.749,02:02:23.464
02:02:23.464,02:02:30.012
02:02:30.012,02:02:34.892
02:02:34.892,02:02:40.815
02:02:40.815,02:02:50.533
02:02:50.533,02:02:54.954
02:02:54.954,02:03:07.174
02:03:07.174,02:03:18.602
02:03:18.602,02:03:21.438
02:03:21.438,02:03:22.815
02:03:22.815,02:03:28.571
02:03:28.571,02:03:35.286
02:03:35.286,02:03:45.504
02:03:45.504,02:03:54.930
02:03:54.930,02:04:00.269
02:04:00.269,02:04:03.856
02:04:03.856,02:04:12.322
02:04:12.322,02:04:15.450
02:04:15.450,02:04:20.080
02:04:20.080,02:04:25.127
02:04:25.127,02:04:34.594
02:04:34.594,02:04:45.397
02:04:45.397,02:04:52.195
02:04:52.195,02:04:59.161
02:04:59.161,02:05:20.181
02:05:20.181,02:05:30.608
02:05:30.608,02:12:02.706